Date,Return
2014-08-18,-0.8008729224906719
2014-08-15,-1.4909911280304942
2014-08-14,0.2040089702735075
2014-08-13,0.022621494111705633
2014-08-12,-2.096447505923604
2014-08-11,0.9151752267003176
2014-08-08,0.15672501266902827
2014-08-07,-0.9511780864465537
2014-08-06,0.5350132226136203
2014-08-05,-0.2302446861905791
2014-08-04,1.4299194299722173
2014-08-01,-1.2352880830157975
2014-07-31,0.9769170340578842
2014-07-30,2.767667295672448
2014-07-29,-0.3081285680761571
2014-07-28,0.8521100329473383
2014-07-25,-0.2675260387441137
2014-07-24,0.7351143070838646
2014-07-23,0.4432465089552041
2014-07-22,-0.20805520514734613
2014-07-21,-0.8861088811692466
2014-07-18,0.9517067581651729
2014-07-17,-3.587756314124124
2014-07-16,1.5564863016084718
2014-07-15,0.3638487909387967
2014-07-14,0.015384861130090204
2014-07-11,-0.972858317747872
2014-07-10,-1.3950835836940432
2014-07-09,0.8720022151257532
2014-07-08,-0.8661957654370359
2014-07-07,1.9541598427366802
2014-07-03,0.4259331416111772
2014-07-02,-0.4095882067513588
2014-07-01,0.057520580070334726
2014-06-30,-1.2682967580093576
2014-06-27,0.34070663349761887
2014-06-26,-0.21482023871028352
2014-06-25,0.46007240404843064
2014-06-24,-2.424607501177051
2014-06-23,0.05844736224963094
2014-06-20,-1.5204969973240956
2014-06-19,-0.2624183011963233
2014-06-18,-0.27572663914586487
2014-06-17,-1.872159595157023
2014-06-16,0.23388468623826594
2014-06-13,1.374283972921071
2014-06-12,-0.07430715544763544
2014-06-11,1.3584817926889932
2014-06-10,0.30599176030096564
2014-06-09,0.28008812184235493
2014-06-06,-1.030033215959652
2014-06-05,-0.4367898670123072
2014-06-04,-1.66817499770841
2014-06-03,0.05140872244769167
2014-06-02,1.6497243268481714
2014-05-30,1.0759562093061366
2014-05-29,0.0339306170346879
2014-05-28,0.28567753908925625
2014-05-27,0.7602178300838386
2014-05-23,-2.341200232192603
2014-05-22,-1.3823047861343851
2014-05-21,-1.1228060012109584
2014-05-20,-1.7014890448463649
2014-05-19,-0.17177696857747954
2014-05-16,-1.5561758862146162
2014-05-15,-0.12485547335222989
2014-05-14,1.2827528344982895
2014-05-13,1.222822653663265
2014-05-12,-0.5946454648352191
2014-05-09,-2.1116396343799058
2014-05-08,-1.4901830640510978
2014-05-07,-0.20352001811781242
2014-05-06,1.0157630841906928
2014-05-05,2.4595264768865004
2014-05-02,0.022738950774758727
2014-05-01,0.6478147446037391
2014-04-30,-0.8826621825869772
2014-04-29,0.1974741359354528
2014-04-28,-1.9992425276208121
2014-04-25,-0.18756696805476808
2014-04-24,1.7396974083298358
2014-04-23,0.3389481283143696
2014-04-22,1.4935283504264354
2014-04-21,-1.1574172009933976
2014-04-17,1.4149959975022812
2014-04-16,3.81272122639258
2014-04-15,-3.6115923511967645
2014-04-14,-0.73074978384821
2014-04-11,-0.36054821897516737
2014-04-10,1.9506208709289108
2014-04-09,4.286906312888322
2014-04-08,-1.6378948698954412
2014-04-07,-3.018555358991495
2014-04-04,0.9272472780464275
2014-04-03,4.897446426854562
2014-04-02,-0.48091842517416816
2014-04-01,0.028215744925349947
2014-03-31,-1.796672727468732
2014-03-28,0.5422282040375793
2014-03-27,-0.2732204132031737
2014-03-26,1.24591845729688
2014-03-25,2.363140190066582
2014-03-24,-0.06818384999489852
2014-03-21,2.168525115104359
2014-03-20,1.1935343015371351
2014-03-19,0.17458656384314228
2014-03-18,1.0014540012046869
2014-03-17,-1.5818179871458424
2014-03-14,-1.618989603765323
2014-03-13,1.3864202777114738
2014-03-12,1.5339836981823365
2014-03-11,-0.6054843274750558
2014-03-10,0.9650069463688578
2014-03-07,0.2657734517790174
2014-03-06,0.3967764774842837
2014-03-05,-0.11069213615296518
2014-03-04,-0.27498506131682576
2014-03-03,-1.0058316550538553
2014-02-28,1.0775858208817926
2014-02-27,0.29285126088727553
2014-02-26,0.07872993439880015
2014-02-25,-0.013928017616674454
2014-02-24,-0.6139348941820821
2014-02-21,-0.7191644070365842
2014-02-20,0.026575983998719504
2014-02-19,-0.14698932461171718
2014-02-18,0.7102771578241834
2014-02-14,-0.6672814843603396
2014-02-13,-0.24110326426566345
2014-02-12,-1.1009330673537063
2014-02-11,0.2941024864994615
2014-02-10,-1.449367738620433
2014-02-07,0.3845076866794701
2014-02-06,-1.4845724082315137
2014-02-05,-1.4448750452257728
2014-02-04,-0.44087301324479333
2014-02-03,-0.41557806179599294
2014-01-31,4.194343733374118
2014-01-30,-3.8595389803067475
2014-01-29,-2.5075050319430736
2014-01-28,1.453582024908415
2014-01-27,-1.939436239223595
2014-01-24,2.052252656754205
2014-01-23,3.227364008905665
2014-01-22,0.42410002992623164
2014-01-21,-0.1133021216837674
2014-01-17,-1.1317375511029466
2014-01-16,0.49455020546606426
2014-01-15,-0.6573068784194309
2014-01-14,0.06790860922790147
2014-01-13,-2.2985964116650015
2014-01-10,0.6411494898295954
2014-01-09,0.005312417385399415
2014-01-08,0.9723611041203636
2014-01-07,-0.2076757171132107
2014-01-06,-1.8913569871598428
2014-01-03,-1.102643291667078
2014-01-02,0.7348456120671386
2013-12-31,0.6818662046065466
2013-12-30,-1.0038296402671858
2013-12-27,0.8057975622659747
2013-12-26,-0.08405163357431458
2013-12-24,-0.5029251005553768
2013-12-23,0.29320560024762427
2013-12-20,-1.2985360097691259
2013-12-19,-1.3083502865431331
2013-12-18,-0.13533999161544308
2013-12-17,-1.372662303692573
2013-12-16,0.29163157942443346
2013-12-13,-1.1360929873616088
2013-12-12,0.8644486854241455
2013-12-11,0.6850708700926601
2013-12-10,0.6841287255465147
2013-12-09,-0.6011056201578127
2013-12-06,-0.7670633831107206
2013-12-05,-1.1711764637801778
2013-12-04,0.07944935341818937
2013-12-03,-0.46494760213305836
2013-12-02,0.11583167063867242
2013-11-29,0.48458973237430547
2013-11-27,0.33221384903631107
2013-11-26,-0.44210355071965013
2013-11-25,-1.17912264782712
2013-11-22,-1.3423555379763699
2013-11-21,0.21126420412833327
2013-11-20,-1.1372516784230862
2013-11-19,0.2826935264784224
2013-11-18,0.6193859491412936
2013-11-15,0.19485906970018593
2013-11-14,0.16157101571393526
2013-11-13,-0.26660168359328906
2013-11-12,-2.003931721374637
2013-11-11,-0.11761358734389976
2013-11-08,0.5382985330224274
2013-11-07,-0.795255854372944
2013-11-06,1.468328618950231
2013-11-05,-0.12026347328240618
2013-11-04,0.4493319363361861
2013-11-01,0.090632140316885
2013-10-31,0.34468126190734394
2013-10-30,-0.01552733278345825
2013-10-29,0.564813594371699
2013-10-28,-2.049714505755951
2013-10-25,0.019707141782254946
2013-10-24,1.019502349249873
2013-10-23,0.5714024821825533
2013-10-22,-2.366663062823149
2013-10-21,-0.36743157434271895
2013-10-18,0.8083321227336485
2013-10-17,-12.123669404679092
2013-10-16,1.0396166974848713
2013-10-15,-1.7839010798990744
2013-10-14,-0.6689291422424154
2013-10-11,-0.47026068245907043
2013-10-10,-0.430046655573196
2013-10-09,-1.4258767239109196
2013-10-08,-0.2558832140561045
2013-10-07,1.4138996807431399
2013-10-04,0.7635026441771082
2013-10-03,0.4287318155005172
2013-10-02,1.3583039893683166
2013-10-01,-0.11148360841641061
2013-09-30,-1.2502813572499947
2013-09-27,0.05480045739624801
2013-09-26,0.2031014815838623
2013-09-25,-0.10703752491002924
2013-09-24,1.0954916853984853
2013-09-23,-0.038340071786392545
2013-09-20,1.8736606001954184
2013-09-19,-0.5226337019708531
2013-09-18,0.5487559340726
2013-09-17,-1.905196096419624
2013-09-16,0.18620956566862867
2013-09-13,0.14756313082125466
2013-09-12,0.44878323828069333
2013-09-11,0.3504773994885672
2013-09-10,-0.8391037326171118
2013-09-09,-0.06976608839867064
2013-09-06,-0.9537801733934457
2013-09-05,-0.002270619863493788
2013-09-04,-0.9015874321723578
2013-09-03,-1.290687497004066
2013-08-30,-1.5667453468377952
2013-08-29,1.0071980863853989
2013-08-28,-0.8042740459180646
2013-08-27,0.1885604528904903
2013-08-26,1.9102470959428828
2013-08-23,0.44091596016386375
2013-08-22,0.4021956003561183
2013-08-21,-0.50131076003377
2013-08-20,-0.4497702252144939
2013-08-19,0.026575000012081577
2013-08-16,-1.0096429909124192
2013-08-15,0.3209222161894296
2013-08-14,1.1806951921449798
2013-08-13,1.3152294493640642
2013-08-12,0.483409772574617
2013-08-09,0.5533478489667492
2013-08-08,0.2526970727641756
2013-08-07,-0.22517067280641295
2013-08-06,0.6646826374659923
2013-08-05,0.9402475111024008
2013-08-02,0.17348196604544658
2013-08-01,-0.25921457979451573
2013-07-31,-1.8214605780248452
2013-07-30,0.35708018290058996
2013-07-29,-0.9709038475236322
2013-07-26,0.34909739210584434
2013-07-25,0.26543442117955596
2013-07-24,1.7122843647121446
2013-07-23,0.09968187100658063
2013-07-22,0.7634402803383545
2013-07-19,-1.5482545420856164
2013-07-18,1.570374913660825
2013-07-17,0.8641923248374326
2013-07-16,0.11539786392171511
2013-07-15,0.5524087537848578
2013-07-12,-0.18276691684785587
2013-07-11,-0.2990249762607661
2013-07-10,-1.5485081536969316
2013-07-09,-0.08278148274606029
2013-07-08,-0.016574126961797515
2013-07-05,-1.2816359494703835
2013-07-03,-0.7901591190533993
2013-07-02,-0.46478579422138955
2013-07-01,0.6312967939400054
2013-06-28,-0.8458394737412559
2013-06-27,-0.3748402503938208
2013-06-26,-0.38993452448373805
2013-06-25,-0.8527442118495888
2013-06-24,0.41445466114979335
2013-06-21,1.2807675082912493
2013-06-20,0.4324978944526507
2013-06-19,1.801661148930526
2013-06-18,-0.006665838495488818
2013-06-17,-1.5955614315348687
2013-06-14,-1.264881605191273
2013-06-13,0.22398457229041668
2013-06-12,-0.5724021111819186
2013-06-11,0.8979587535398265
2013-06-10,1.1832063091454195
2013-06-07,-1.1783578893694546
2013-06-06,-1.715303654444593
2013-06-05,-0.5713310397184589
2013-06-04,-0.0697939255811305
2013-06-03,0.9929019772168679
2013-05-31,0.4137715596794133
2013-05-30,-0.05280305419707543
2013-05-29,-0.2813640234745734
2013-05-28,1.4925564604377541
2013-05-24,-0.9021113170508872
2013-05-23,1.0843739614722674
2013-05-22,0.7510261567276476
2013-05-21,1.9731926625725933
2013-05-20,0.17200412680994706
2013-05-17,0.07154527016993366
2013-05-16,-0.5840416082162819
2013-05-15,1.3298353778429397
2013-05-14,-3.1433909757106657
2013-05-13,-1.07879359231834
2013-05-10,0.3076775214156743
2013-05-09,-0.9940606865953818
2013-05-08,0.24671321177900446
2013-05-07,-1.8772302998558477
2013-05-06,0.5039518466881425
2013-05-03,-1.8373845923519565
2013-05-02,-1.9048886136023913
2013-05-01,-1.10654056006681
2013-04-30,0.504609854222481
2013-04-29,-0.6682291516312109
2013-04-26,-2.15368454455649
2013-04-25,0.9582971569253406
2013-04-24,0.5376324583886567
2013-04-23,-0.682274394269772
2013-04-22,-0.9642300686377765
2013-04-19,-0.029999797500862162
2013-04-18,-4.245683309721154
2013-04-17,2.1738852227078636
2013-04-16,1.3813586476941417
2013-04-15,-1.4419500501080775
2013-04-12,1.0384540882050293
2013-04-11,0.04303690925634923
2013-04-10,-0.026570610073447364
2013-04-09,-1.5857154558735445
2013-04-08,-0.36005226739152396
2013-04-05,1.0582685028981547
2013-04-04,1.5350211484515672
2013-04-03,1.3998769658580323
2013-04-02,0.8484241397824672
2013-04-01,-1.45748989628745
2013-03-28,-0.8737024713643473
2013-03-27,1.0664935278319427
2013-03-26,1.2159591428078402
2013-03-25,-0.3421917807516978
2013-03-22,0.08275829361115619
2013-03-21,0.11723381908875258
2013-03-20,0.42526646980803096
2013-03-19,-0.41609613413086344
2013-03-18,-0.43509692681540896
2013-03-15,0.8059060493249658
2013-03-14,0.8891055154741263
2013-03-13,0.4588942433021932
2013-03-12,0.27867949343963816
2013-03-11,0.8711869993380021
2013-03-08,-0.3952927607977456
2013-03-07,0.12987793529720884
2013-03-06,-0.14653023437241677
2013-03-05,0.8684376221042014
2013-03-04,-2.039111364653835
2013-03-01,-1.863661654946677
2013-02-28,-0.6189618286567422
2013-02-27,-0.1772386631079911
2013-02-26,-1.206580327489129
2013-02-25,0.08100240473965743
2013-02-22,1.1305436027844349
2013-02-21,-0.5226940581430551
2013-02-20,-0.38590597186538805
2013-02-19,1.8158695038742785
2013-02-15,-1.73018874997495
2013-02-14,-0.6394274487164411
2013-02-13,-0.6295918374062935
2013-02-12,-0.2759091258427742
2013-02-11,0.22031296604454642
2013-02-08,0.3770407347358777
2013-02-07,-1.454094851167146
2013-02-06,-0.4884015436204507
2013-02-05,-0.5751971519613982
2013-02-04,-0.8775876489379725
2013-02-01,2.1844011445231772
2013-01-31,-2.5670502280509147
2013-01-30,-0.24612909875886416
2013-01-29,-0.01989487896726909
2013-01-28,-0.39141836374947203
2013-01-25,0.39161803414259133
2013-01-24,0.0716547811194512
2013-01-23,-1.6852066595607773
2013-01-22,-5.209714357677388
2013-01-18,0.23333413105197987
2013-01-17,0.9666257742309574
2013-01-16,0.5440563277149623
2013-01-15,1.3618822750917021
2013-01-14,-0.2317519503462151
2013-01-11,2.31455248126601
2013-01-10,0.2013540692337232
2013-01-09,-0.45315058381536844
2013-01-08,-0.65301050286629
2013-01-07,0.19774392259079104
2013-01-04,0.43824037120609294
2013-01-03,-1.9377456082371676
2013-01-02,-0.05804094087457831
2012-12-31,-2.1942610661852937
2012-12-28,-1.041871416745083
2012-12-27,0.8971273098434346
2012-12-26,0.3652903274754174
2012-12-24,0.08887049387850014
2012-12-21,0.8639897969108791
2012-12-20,0.9404340165743424
2012-12-19,-0.3114762514531933
2012-12-18,0.13330537045600324
2012-12-17,-0.040212904028460644
2012-12-14,-2.6110650546855134
2012-12-13,0.1054202555879756
2012-12-12,-0.7314618126553698
2012-12-11,-0.09748698087338108
2012-12-10,-1.6444681077593226
2012-12-07,-0.17653770499921265
2012-12-06,1.0113861908820365
2012-12-05,-0.47892105229343657
2012-12-04,0.4666897156380649
2012-12-03,0.6106800755637015
2012-11-30,0.4487576549194863
2012-11-29,-0.9278672670116718
2012-11-28,-1.1880540881703519
2012-11-27,-1.8956538840960497
2012-11-26,-1.4253540779118559
2012-11-23,1.031539535900639
2012-11-21,-0.31438601581940756
2012-11-20,0.6157308179434985
2012-11-19,-0.2626970287853199
2012-11-16,-3.1472156186667393
2012-11-15,0.012363144398081316
2012-11-14,0.8172940982784935
2012-11-13,0.9960892360258501
2012-11-12,1.0393814772454295
2012-11-09,-0.4310004696769713
2012-11-08,-1.6198354426024846
2012-11-07,2.273524925162595
2012-11-06,2.1885197514694936
2012-11-05,0.18189000831284266
2012-11-02,0.7262490435326299
2012-11-01,-0.04797492934087435
2012-10-31,-1.0602220094589359
2012-10-26,-0.7570142686002156
2012-10-25,0.386575842358517
2012-10-24,-0.0678663140542273
2012-10-23,0.45031206345990127
2012-10-22,-0.24692870810742268
2012-10-19,0.4597208525878238
2012-10-18,1.9375520886822932
2012-10-17,8.703594470337062
2012-10-16,-1.428210375442652
2012-10-15,-0.4995310591355694
2012-10-12,0.5087853504411108
2012-10-11,0.9036543249756674
2012-10-10,-0.9208502452047549
2012-10-09,-0.06311871415480555
2012-10-08,1.847888606394301
2012-10-05,1.294469776986011
2012-10-04,0.052106157421524954
2012-10-03,-0.7226041390399903
2012-10-02,-0.7226251766446955
2012-10-01,0.6327667484763297
2012-09-28,-0.9556554988133691
2012-09-27,0.26507920957278525
2012-09-26,-0.4018476800578151
2012-09-25,-0.5707076975207777
2012-09-24,0.02936614471373968
2012-09-21,-2.053696489434868
2012-09-20,-0.7997389884547395
2012-09-19,-0.08514947052699502
2012-09-18,-1.2673508022428255
2012-09-17,-1.1555434323109952
2012-09-14,-0.04224726662731863
2012-09-13,-0.5129154035154869
2012-09-12,-2.147179118413893
2012-09-11,0.18960519019906544
2012-09-10,1.2395462349178896
2012-09-07,0.7677288580844002
2012-09-06,-0.955887231166692
2012-09-05,-2.6708586272412016
2012-09-04,0.047006273491004225
2012-08-31,0.5946750553999407
2012-08-30,-0.4977376450216264
2012-08-29,0.9285841728514547
2012-08-28,-1.5639262290580294
2012-08-27,-1.1856841557463391
2012-08-24,1.406117085995638
2012-08-23,-0.2696631535077954
2012-08-22,0.056149674970315894
2012-08-21,-1.1326381698538406
2012-08-20,0.9006625193911507
2012-08-17,0.2368427565422416
2012-08-16,-0.6305893031573356
2012-08-15,-0.7921327104661757
2012-08-14,0.16778425064208025
2012-08-13,-1.2936377545242759
2012-08-10,-2.7287470540952623
2012-08-09,0.05451729890966772
2012-08-08,-0.018683847195757018
2012-08-07,-0.26314022316487395
2012-08-06,0.3559493224519757
2012-08-03,-0.23179116210428025
2012-08-02,-1.9615479996864769
2012-08-01,0.6250527723103624
2012-07-31,0.045830935681915805
2012-07-30,-0.10584769835815129
2012-07-27,0.42068935228590354
2012-07-26,-3.40179011957476
2012-07-25,-0.8755098639013559
2012-07-24,-0.06907429925055909
2012-07-23,1.3068433450555343
2012-07-20,-0.7619696134261406
2012-07-19,-2.9075743149844913
2012-07-18,-2.0739822668518553
2012-07-17,-0.6939188300579919
2012-07-16,-0.31383507838332164
2012-07-13,0.2782939459075621
2012-07-12,-1.0476669824178455
2012-07-11,0.12445450873620213
2012-07-10,1.8400199591906683
2012-07-09,0.7409387109915687
2012-07-06,-0.005122427153434095
2012-07-05,1.6963055005054974
2012-07-03,-1.3575687790887807
2012-07-02,-1.252063376558065
2012-06-29,-0.06890845634855504
2012-06-28,-2.716917513775144
2012-06-27,0.8842672869579336
2012-06-26,-0.8115182866796722
2012-06-25,-0.7048263039144989
2012-06-22,1.9225972703356786
2012-06-21,-1.097150737573433
2012-06-20,2.176185963007114
2012-06-19,0.696084382438173
2012-06-18,-1.8365276803913173
2012-06-15,-1.1106277702015146
2012-06-14,-0.9672149699452203
2012-06-13,0.36490950531040867
2012-06-12,0.7146748457004264
2012-06-11,0.6016681985371881
2012-06-08,2.10202633078725
2012-06-07,-0.3824656629747069
2012-06-06,0.40467904719020537
2012-06-05,-1.7499955094128932
2012-06-04,1.4340491003986187
2012-06-01,-1.3152594363974235
2012-05-31,1.730353218021434
2012-05-30,1.268806613505397
2012-05-29,1.0387154080403334
2012-05-25,-0.4727920526593042
2012-05-24,2.050606482789027
2012-05-23,0.9608124629401322
2012-05-22,-1.4209339852082195
2012-05-21,2.215382496709133
2012-05-18,-2.2325007814863853
2012-05-17,3.7724867619894713
2012-05-16,0.9437428661301299
2012-05-15,-2.8333874404737953
2012-05-14,-1.1634541982360211
2012-05-11,0.20364150186123786
2012-05-10,1.3928654124265902
2012-05-09,-0.7349355621127052
2012-05-08,0.5975536394889738
2012-05-07,-0.8551098491648188
2012-05-04,-1.7414160833166559
2012-05-03,2.3535456405401773
2012-05-02,-0.6153562682620366
2012-05-01,-0.46603204660086034
2012-04-30,0.06949107133153005
2012-04-27,1.674793753982861
2012-04-26,0.07967586681145748
2012-04-25,-0.9342434713313
2012-04-24,-1.3858838127944941
2012-04-23,-0.6103773668397389
2012-04-20,-0.2576960889321717
2012-04-19,0.5435703116062612
2012-04-18,1.3599202036850637
2012-04-17,0.3489959979975716
2012-04-16,-0.5741766478165113
2012-04-13,3.0574046597451985
2012-04-12,4.228309769145307
2012-04-11,-2.311797811272653
2012-04-10,-1.4309015673411758
2012-04-09,0.6349122796192627
2012-04-05,0.23460051304920396
2012-04-04,0.4475620625286474
2012-04-03,1.1760959853124642
2012-04-02,0.6691345538534369
2012-03-30,-0.8780008051249985
2012-03-29,1.118140231009625
2012-03-28,1.133544887969259
2012-03-27,-1.332800782373534
2012-03-26,0.35701456469332626
2012-03-23,-1.0379853036309212
2012-03-22,0.5384463661604444
2012-03-21,-0.9395606136906053
2012-03-20,-1.0140933265005723
2012-03-19,0.07734781344218727
2012-03-16,-1.4101394234416416
2012-03-15,-0.6255576384846054
2012-03-14,-0.8275214579911023
2012-03-13,0.29059093588058704
2012-03-12,-2.044425072389674
2012-03-09,-0.8097084745197581
2012-03-08,1.1478528910511865
2012-03-07,-0.0560027480183649
2012-03-06,-0.3032302257482409
2012-03-05,1.5356388548563817
2012-03-02,1.1396039122881583
2012-03-01,0.18510822282370945
2012-02-29,-0.6667767914881695
2012-02-28,0.022642557500253922
2012-02-27,-1.468327073490786
2012-02-24,0.09683616684587326
2012-02-23,-0.6214185364755526
2012-02-22,0.3019278843301886
2012-02-21,0.9968061907737897
2012-02-17,-1.5244242414219633
2012-02-16,0.31092961921748574
2012-02-15,-0.15828090833603858
2012-02-14,0.693574624671116
2012-02-13,0.40015042421551117
2012-02-10,-1.0274366310761955
2012-02-09,0.9159711404824127
2012-02-08,-0.26329696837707606
2012-02-07,-0.5050493676872213
2012-02-06,0.38235308052896594
2012-02-03,-2.094926811590085
2012-02-02,-1.8815085053162877
2012-02-01,-0.7314898819501217
2012-01-31,-0.12395607195454632
2012-01-30,-0.41716009400312015
2012-01-27,0.39640390564851613
2012-01-26,-2.0483457698197034
2012-01-25,0.24467844400724265
2012-01-24,2.0088142967403684
2012-01-23,0.7901047219272228
2012-01-20,0.0802733916676514
2012-01-19,9.14350510387167
2012-01-18,-1.0413249180844233
2012-01-17,-0.6841434290017809
2012-01-13,-0.5711295718591519
2012-01-12,0.7440111716399973
2012-01-11,-0.5844612918374296
2012-01-10,-0.45050488607459444
2012-01-09,-0.10912927675322402
2012-01-06,4.42759505122745
2012-01-05,1.3830331049366813
2012-01-04,1.4066598667052506
2012-01-03,-0.42946522624451156
2011-12-30,-2.932025328902422
2011-12-29,-0.5418808762738261
2011-12-28,-0.420293076786815
2011-12-27,0.08597255904659157
2011-12-23,-1.1105013485765203
2011-12-22,-0.5433191154075234
2011-12-21,-0.6161710866448413
2011-12-20,0.7270479819991668
2011-12-19,-1.3547612841367265
2011-12-16,0.6641665367776517
2011-12-15,-1.0256199563432675
2011-12-14,-0.23727733464020204
2011-12-13,1.2231672224320538
2011-12-12,-0.03836634640385979
2011-12-09,0.32460425914077473
2011-12-08,-1.812188748770906
2011-12-07,1.1914669559845583
2011-12-06,0.06095043420384613
2011-12-05,0.30139425582408225
2011-12-02,-0.8455238120958821
2011-12-01,-1.0622826076770082
2011-11-30,-2.3428960447923184
2011-11-29,-2.7461294421584412
2011-11-28,0.9023381749863563
2011-11-25,-4.282622034729474
2011-11-23,1.2628750242568698
2011-11-22,1.7347457388211183
2011-11-21,0.16207474674085462
2011-11-18,2.399558316015373
2011-11-17,1.0069290929416073
2011-11-16,1.764109863099165
2011-11-15,0.8324189206403132
2011-11-14,-0.5774046788875374
2011-11-11,-0.758563719521938
2011-11-10,-2.181301961455182
2011-11-09,0.98642263670351
2011-11-08,1.8953231520289076
2011-11-07,-0.6548602504726092
2011-11-04,-2.0038447627526104
2011-11-03,0.22813370569515398
2011-11-02,-2.1221823272619025
2011-11-01,-1.0550171872279503
2011-10-31,2.4176938640303813
2011-10-28,1.2655223349816866
2011-10-27,-0.24494751977847617
2011-10-26,-2.0645763258127348
2011-10-25,-0.5372495020924879
2011-10-24,2.273812581112903
2011-10-21,-0.9942624312149823
2011-10-20,-1.1549769522221718
2011-10-19,-0.5088515813824925
2011-10-18,1.689342148931002
2011-10-17,-1.3716977332462486
2011-10-14,1.5916672719417153
2011-10-13,-5.524946488514335
2011-10-12,-1.876594859208431
2011-10-11,-0.9699247821992851
2011-10-10,-1.1064457277851403
2011-10-07,-4.104844394993512
2011-10-06,-0.07958900244578647
2011-10-05,-1.9447853170213913
2011-10-04,-0.5547862768363074
2011-10-03,-1.2711684807770849
2011-09-30,3.939290958543014
2011-09-29,2.4192378378977692
2011-09-28,0.2540216598178725
2011-09-27,1.9854825037786148
2011-09-26,-1.3813181908248688
2011-09-23,-1.1995007448534272
2011-09-22,-0.9229169633254266
2011-09-21,3.5608763446870593
2011-09-20,1.3779613145818608
2011-09-19,0.007318642881238962
2011-09-16,0.0018266886447324182
2011-09-15,-0.7536403210876038
2011-09-14,-1.9334226168128066
2011-09-13,-0.47925780792191325
2011-09-12,0.11330191533732102
2011-09-09,-0.9941115006765281
2011-09-08,1.926268203421404
2011-09-07,-0.1738424253979741
2011-09-06,-2.2189830689461227
2011-09-02,0.5094064970705405
2011-09-01,1.4594949096728396
2011-08-31,1.5887317697824759
2011-08-30,-0.04806368125230618
2011-08-29,-0.29961190333140225
2011-08-26,-2.266826547115536
2011-08-25,-1.294465979732503
2011-08-24,0.6249498673155641
2011-08-23,-0.8542108824161282
2011-08-22,-3.9801779253422
2011-08-19,-1.4553273287208628
2011-08-18,2.843640082521787
2011-08-17,5.599343392083831
2011-08-16,1.0972582712840797
2011-08-15,3.382189316794479
2011-08-12,1.1736601032798524
2011-08-11,-0.2908940794937527
2011-08-10,-2.333986452951623
2011-08-09,4.444366181212715
2011-08-08,-4.776686848318739
2011-08-05,6.047403555577762
2011-08-04,-0.2625068786647435
2011-08-03,4.095100021934171
2011-08-02,-1.4588309241062785
2011-08-01,2.4257271575273665
2011-07-29,-0.5076031659611743
2011-07-28,1.2009432574563315
2011-07-27,-0.6088889307168478
2011-07-26,2.5196785123741097
2011-07-25,-0.5686587279115642
2011-07-22,-0.1211657814380881
2011-07-21,-1.8180986593721595
2011-07-20,-1.9176534677240822
2011-07-19,1.209369659787372
2011-07-18,-1.2629692821759335
2011-07-15,0.45047448319933914
2011-07-14,-11.492261040146081
2011-07-13,1.7620185988419321
2011-07-12,-0.7895813369375297
2011-07-11,-1.260269614328241
2011-07-08,0.8932580278717542
2011-07-07,2.746287772312337
2011-07-06,-2.0563428370548644
2011-07-05,-0.5454318702845606
2011-07-01,-2.1429602163443784
2011-06-30,-2.8117409913758014
2011-06-29,-1.739799801052026
2011-06-28,-0.787829534535046
2011-06-27,-2.1979124404997634
2011-06-24,-1.640428036986837
2011-06-23,1.1244898461723605
2011-06-22,1.4139360634685703
2011-06-21,1.2299582930186364
2011-06-20,-1.7079150097979694
2011-06-17,0.09079962292825465
2011-06-16,3.1648209988947706
2011-06-15,0.5156202423974198
2011-06-14,1.07763976188728
2011-06-13,-0.7160135593100737
2011-06-10,0.9470404023079825
2011-06-09,1.417050589617684
2011-06-08,0.4721923020694107
2011-06-07,-0.026963733558546945
2011-06-06,0.3911220153320047
2011-06-03,0.3876702145092702
2011-06-02,0.9520460105242509
2011-06-01,-0.4658549040294416
2011-05-31,0.6506847028379664
2011-05-27,-1.5349106192069772
2011-05-26,-0.5317693331930864
2011-05-25,0.2972211154113864
2011-05-24,-0.27132413700358354
2011-05-23,0.025084252005687042
2011-05-20,1.0879759339314359
2011-05-19,1.3777865247627707
2011-05-18,-0.2710603522100116
2011-05-17,0.12268742863487131
2011-05-16,-2.2697314537421236
2011-05-13,2.146908740224944
2011-05-12,1.0386232275751415
2011-05-11,0.07475804129286359
2011-05-10,1.3465250467752812
2011-05-09,-0.9176944512588662
2011-05-06,-0.44263901850191906
2011-05-05,-0.19242129263888014
2011-05-04,0.28450407102800834
2011-05-03,-0.35462379267185473
2011-05-02,0.8747168020713448
2011-04-29,1.0286643818097945
2011-04-28,-1.126632531489476
2011-04-27,-0.039026598608034875
2011-04-26,-0.9186284626449379
2011-04-25,-1.4582753721416206
2011-04-21,0.009521351142829287
2011-04-20,0.11997262446100838
2011-04-19,-0.7988908177966729
2011-04-18,1.0181561513846729
2011-04-15,0.7326808515424557
2011-04-14,9.008845274580848
2011-04-13,-0.38546369291266935
2011-04-12,-0.9839033827355171
2011-04-11,1.1846945922079088
2011-04-08,0.13682697291072912
2011-04-07,0.31825119454874634
2011-04-06,-1.0034400791973392
2011-04-05,-0.8864798528504374
2011-04-04,3.2666162883599097
2011-04-01,0.7010619237708744
2011-03-31,-0.8516390987834491
2011-03-30,-0.8385105599071963
2011-03-29,-0.018900329424178745
2011-03-28,-1.0950060470634324
2011-03-25,0.7612631996552687
2011-03-24,1.2333098039294106
2011-03-23,-0.805943707906698
2011-03-22,-0.8313925351081046
2011-03-21,-0.1420282966127278
2011-03-18,-2.678237912352362
2011-03-17,0.05347221474626411
2011-03-16,-0.7588692637912613
2011-03-15,2.23657873242082
2011-03-14,0.07549913252905129
2011-03-11,1.1789641569450027
2011-03-10,0.6224976907662444
2011-03-09,1.9765668277533925
2011-03-08,0.09124837668684342
2011-03-07,-0.10973142646018223
2011-03-04,1.514378740931884
2011-03-03,1.4884618790265263
2011-03-02,-1.438741419288071
2011-03-01,-0.004996743969011331
2011-02-28,2.1040075892453496
2011-02-25,-0.5477699338796777
2011-02-24,-0.1999883110757814
2011-02-23,0.41062994616954185
2011-02-22,-0.181571187767532
2011-02-18,3.256252065119733
2011-02-17,-0.7649823874627889
2011-02-16,-0.1663335603571381
2011-02-15,-0.01120819222346595
2011-02-14,0.6408691986131767
2011-02-11,-0.5810688754014302
2011-02-10,-1.2906331566532634
2011-02-09,0.00972970847763687
2011-02-08,0.3049480887631556
2011-02-07,-0.6614022100458923
2011-02-04,-0.5388381740945475
2011-02-03,-0.135847946582301
2011-02-02,0.3032118513188392
2011-02-01,-0.15686362255902855
2011-01-31,-1.747842824506219
2011-01-28,0.10493341897452799
2011-01-27,2.629000459357612
2011-01-26,-0.04702139061215597
2011-01-25,0.5531242292394152
2011-01-24,-1.4243955016472438
2011-01-21,0.12273220077340663
2011-01-20,2.4418559370001645
2011-01-19,0.7945434998717211
2011-01-18,1.2473308877084104
2011-01-14,-2.4154539701365807
2011-01-13,-1.1999752298720479
2011-01-12,0.02918703070506419
2011-01-11,-0.13941732830205733
2011-01-10,-0.2922022604482279
2011-01-07,0.36306930545425875
2011-01-06,-0.4769314146032667
2011-01-05,-0.7220854009957443
2011-01-04,-1.1410880584057683
2011-01-03,0.37035906566620824
2010-12-31,-1.7175490986309858
2010-12-30,0.8232780923896973
2010-12-29,0.3573473217639989
2010-12-28,-0.34609522824468636
2010-12-27,0.577706987586556
2010-12-23,0.30711295187177523
2010-12-22,0.2085326194925245
2010-12-21,-0.3996742223287849
2010-12-20,-1.3282063782075593
2010-12-17,-0.7158919250604813
2010-12-16,0.1540307272719329
2010-12-15,-0.23829039872272414
2010-12-14,0.7809566732219514
2010-12-13,-0.04875077366577391
2010-12-10,-0.40530111402952074
2010-12-09,-0.11988788940807393
2010-12-08,-0.16230015086390254
2010-12-07,-0.5757484338590696
2010-12-06,-1.4953810901927203
2010-12-03,-0.9267552194196206
2010-12-02,-0.20593416644433998
2010-12-01,-1.3063610276431412
2010-11-30,-1.5309635697661514
2010-11-29,4.750686357797847
2010-11-26,1.3554132865887334
2010-11-24,0.8423688694837712
2010-11-23,-2.0101863357213863
2010-11-22,1.4082053208097922
2010-11-19,-0.06595597376275211
2010-11-18,0.9698143603072819
2010-11-17,-2.1808383403217126
2010-11-16,0.029133331403672313
2010-11-15,2.0129504886872103
2010-11-12,1.3132542709110855
2010-11-11,2.3040309230997034
2010-11-10,0.9219220390760369
2010-11-09,0.31145400537467927
2010-11-08,0.31209480732027345
2010-11-05,-0.2696407596994968
2010-11-04,-0.12957857914124513
2010-11-03,-0.6551720890074791
2010-11-02,-0.7384900664305573
2010-11-01,-0.09746919768503055
2010-10-29,-0.21138544902651255
2010-10-28,0.795183482455609
2010-10-27,-0.3411025619312458
2010-10-26,0.3455097763220707
2010-10-25,-0.339476941845385
2010-10-22,-0.6439522023093022
2010-10-21,-0.08816556950809486
2010-10-20,-0.6552344421856371
2010-10-19,-0.024667845580688682
2010-10-18,1.625449993854662
2010-10-15,-2.6323028326862548
2010-10-14,-10.062349885001119
2010-10-13,0.43813350410660923
2010-10-12,-0.3515598853168696
2010-10-11,-0.4710078144580067
2010-10-08,-0.4621058827350569
2010-10-07,-1.1820563257163665
2010-10-06,0.818852120671111
2010-10-05,0.726109734474429
2010-10-04,-2.950407735111286
2010-10-01,0.6260214719430695
2010-09-30,0.03234419146823369
2010-09-29,0.36135695189337574
2010-09-28,-0.09854433276188258
2010-09-27,0.6146031098867333
2010-09-24,-0.5882218482582043
2010-09-23,-2.619056335336527
2010-09-22,0.49076871487552215
2010-09-21,-0.4922486726840357
2010-09-20,-1.0088396459085274
2010-09-17,-3.566929402128622
2010-09-16,-1.8545349617986477
2010-09-15,-0.08730612556545163
2010-09-14,-0.04369454010143239
2010-09-13,0.3829904474765059
2010-09-10,-1.27107374630191
2010-09-09,0.00840170870959666
2010-09-08,-1.1760285694639676
2010-09-07,-1.3132728602835693
2010-09-03,1.2704617127995892
2010-09-02,-1.5139278191413326
2010-09-01,-0.6153111577977541
2010-08-31,-2.2397006144297964
2010-08-30,0.5933075837002744
2010-08-27,1.3563355423563455
2010-08-26,-1.7108717416516102
2010-08-25,0.8071302755870058
2010-08-24,-0.710480675803093
2010-08-23,2.8090961951013544
2010-08-20,-0.44174035631518693
2010-08-19,1.287819527945404
2010-08-18,3.030108314446768
2010-08-17,1.7359741856331143
2010-08-16,-1.005055608790765
2010-08-13,0.15651227723943253
2010-08-12,1.1637690343936864
2010-08-11,-0.05487475151281576
2010-08-10,2.434211497255398
2010-08-09,0.3255852766815301
2010-08-06,-1.0151372612402203
2010-08-05,1.5753090002393155
2010-08-04,-0.35032929887885916
2010-08-03,-3.2568304147572653
2010-08-02,0.11840565331164449
2010-07-30,-1.1337409588569782
2010-07-29,0.028872766284815988
2010-07-28,-0.13196030027464012
2010-07-27,1.709508304356913
2010-07-26,-0.742950695807276
2010-07-23,0.2229128574111091
2010-07-22,-1.0712936953962062
2010-07-21,-1.5078096798789642
2010-07-20,0.8565463825464322
2010-07-19,-3.199815639558535
2010-07-16,-1.4093277380440756
2010-07-15,7.48677971623153
2010-07-14,-0.5424862867873639
2010-07-13,-0.43554568960411055
2010-07-12,-2.7330322808446073
2010-07-09,-1.75272963100076
2010-07-08,-2.3380125042202398
2010-07-07,-1.393031498974499
2010-07-06,-3.1385993024833865
2010-07-02,0.11006780018009575
2010-07-01,0.673468364807399
2010-06-30,1.2423475016886025
2010-06-29,2.0923709731675304
2010-06-28,3.922862077075749
2010-06-25,0.12709421167277157
2010-06-24,0.5119779777323457
2010-06-23,1.4628488816070306
2010-06-22,0.8712811112569812
2010-06-21,0.47506172952958253
2010-06-18,2.3477126359474054
2010-06-17,0.010003777300744738
2010-06-16,0.2379600753818481
2010-06-15,-0.6543398015418138
2010-06-14,-2.9719448511221342
2010-06-11,1.098944840211323
2010-06-10,-0.30501575882787657
2010-06-09,-2.667297388158005
2010-06-08,2.2699462312580314
2010-06-07,0.15264780345727824
2010-06-04,2.7187387665505574
2010-06-03,1.3795314369533118
2010-06-02,-2.4189071529407387
2010-06-01,-2.229563980686955
2010-05-28,0.6758245801168463
2010-05-27,0.9945882688044987
2010-05-26,-3.0563138772655254
2010-05-25,0.3365090580415906
2010-05-24,0.018864265072644507
2010-05-21,-1.0709183608629447
2010-05-20,0.6270517707518084
2010-05-19,4.088333054569966
2010-05-18,0.7968786880342393
2010-05-17,1.9262788209246726
2010-05-14,-0.0866186581876377
2010-05-13,0.6600600662861079
2010-05-12,-1.07461889089761
2010-05-11,0.7241928167623073
2010-05-10,2.4751988786270767
2010-05-07,-5.465349722244428
2010-05-06,1.1213827681553812
2010-05-05,2.2239152541226304
2010-05-04,-0.6650146895559714
2010-05-03,4.785033857154904
2010-04-30,-0.9234848999102254
2010-04-29,1.1984050335855367
2010-04-28,-0.528194067530844
2010-04-27,-0.02456653609305868
2010-04-26,0.48765906608639376
2010-04-23,2.5111022146038344
2010-04-22,0.3798205984282386
2010-04-21,1.3234358649105105
2010-04-20,0.13350279694415151
2010-04-19,-0.8900289339432439
2010-04-16,0.009087776320704136
2010-04-15,8.206861657464717
2010-04-14,-1.0582927365462376
2010-04-13,-0.37860881586889966
2010-04-12,-2.392756589003746
2010-04-09,-1.136666158835676
2010-04-08,0.22429489710157446
2010-04-07,-0.6960463247097968
2010-04-06,0.8304669187478029
2010-04-05,0.49100001772209073
2010-04-01,-0.38702895925776126
2010-03-31,-0.29535502941481745
2010-03-30,-0.07230231875120333
2010-03-29,-0.751704848264149
2010-03-26,0.042676038936462005
2010-03-25,0.033762720877603236
2010-03-24,-0.9860042772616113
2010-03-23,-1.494625370282532
2010-03-22,1.5482701380135282
2010-03-19,0.44842999729336075
2010-03-18,1.1428565565581335
2010-03-17,-0.14830327094255
2010-03-16,-0.06365142700999907
2010-03-15,-0.35739463360723256
2010-03-12,2.9049293424594644
2010-03-11,0.2760757893705751
2010-03-10,-0.8070343674108441
2010-03-09,-2.8207127641591123
2010-03-08,0.4087980768452518
2010-03-05,0.30756101914348005
2010-03-04,-1.7050332474931256
2010-03-03,-1.6715102246233904
2010-03-02,-0.7811905862619095
2010-03-01,-1.546963231231164
2010-02-26,-1.1057042492571332
2010-02-25,-0.0702420296674997
2010-02-24,0.9573923228984828
2010-02-23,0.677364719902685
2010-02-22,1.4446781398019053
2010-02-19,-0.3758342692427216
2010-02-18,0.4549137047136475
2010-02-17,-0.9222746831428907
2010-02-16,0.5741196864517889
2010-02-12,-1.5111694382238618
2010-02-11,0.6152477915682538
2010-02-10,-0.3635403910385049
2010-02-09,0.37235226257791115
2010-02-08,-0.5536525608816563
2010-02-05,-0.40864829167593947
2010-02-04,-0.8488783492882734
2010-02-03,2.665245088707458
2010-02-02,-1.7935690596992622
2010-02-01,0.35773061759181274
2010-01-29,-0.5778364417165615
2010-01-28,0.8208446796745323
2010-01-27,1.4617622063428075
2010-01-26,0.05902621317303609
2010-01-25,-0.4461460525327615
2010-01-22,1.853698988850864
2010-01-21,5.99443303642589
2010-01-20,-0.4408317814350534
2010-01-19,1.242219860362314
2010-01-15,-1.2967577043993461
2010-01-14,1.6982785852367275
2010-01-13,-0.46791600939790173
2010-01-12,0.5774308774852254
2010-01-11,1.8002246868788219
2010-01-08,0.15138885745730998
2010-01-07,-1.3155736509931135
2010-01-06,2.3834361061433365
2010-01-05,2.586066131748771
2010-01-04,0.44231487340101017
2009-12-31,-1.0801710028044702
2009-12-30,0.44355534561325555
2009-12-29,-0.5347323997896297
2009-12-28,0.5602176959454328
2009-12-24,-0.7048003519132202
2009-12-23,-1.0994779611628815
2009-12-22,-1.7263931725682877
2009-12-21,-0.4059022226262649
2009-12-18,-0.3775014757149964
2009-12-17,-0.4158082017841765
2009-12-16,0.6431608334983239
2009-12-15,-0.7728913569685057
2009-12-14,0.43665796442467736
2009-12-11,-0.8762345458396683
2009-12-10,0.16765564811811684
2009-12-09,-0.41927696921619173
2009-12-08,-0.33445463996757313
2009-12-07,-0.13627184130422132
2009-12-04,-0.21151089676753718
2009-12-03,0.12477734842548108
2009-12-02,0.3021882274024079
2009-12-01,0.4016969199485545
2009-11-30,-1.1646656329155454
2009-11-27,-0.5557470310537048
2009-11-25,1.0314564228753633
2009-11-24,-0.45241419627337937
2009-11-23,-0.12691145453722125
2009-11-20,-2.1275893484788013
2009-11-19,0.5316253703106278
2009-11-18,0.6387493437669562
2009-11-17,0.14566716628687568
2009-11-16,-0.2095209798872415
2009-11-13,-0.7340234563201049
2009-11-12,-0.7342030692908754
2009-11-11,0.47724024408557403
2009-11-10,-0.6660154493461866
2009-11-09,-0.7498766051795692
2009-11-06,-2.0284047417599047
2009-11-05,-0.44456638948318977
2009-11-04,-1.5164512104416712
2009-11-03,-0.5626150373226303
2009-11-02,-0.6141899163477788
2009-10-30,0.3988767749629195
2009-10-29,2.784828008355415
2009-10-28,-1.950817660548678
2009-10-27,1.4788043579050096
2009-10-26,1.0797194704389936
2009-10-23,-0.09382843999461385
2009-10-22,0.07224094920114775
2009-10-21,-0.5396209942787599
2009-10-20,0.1125005102166921
2009-10-19,0.06706935397132054
2009-10-16,-0.4057298315009126
2009-10-15,-3.626443371271728
2009-10-14,1.020922988106503
2009-10-13,-1.7204645773407325
2009-10-12,-0.3934512418504866
2009-10-09,-1.4865305166186011
2009-10-08,-0.40096548779027563
2009-10-07,0.6534596210574088
2009-10-06,-3.6325639663724116
2009-10-05,-2.049167507398286
2009-10-02,-0.8065187421829054
2009-10-01,0.5406770734519641
2009-09-30,1.7754528939866905
2009-09-29,0.5404841529730966
2009-09-28,0.0
2009-09-25,-1.213567004626057
2009-09-24,0.8711026505762766
2009-09-23,0.3401967460804181
2009-09-22,0.12036840543891848
2009-09-21,-0.41277610632275
2009-09-18,-1.114689144047814
2009-09-17,0.05290467299599887
2009-09-16,-0.6975483448465071
2009-09-15,-2.2015631374370797
2009-09-14,-0.5067607819426211
2009-09-11,-0.6272099356198376
2009-09-10,-0.25416374908486183
2009-09-09,-1.4800180602245872
2009-09-08,-1.1530908076712978
2009-09-04,0.5843597450594272
2009-09-03,-0.8194263504306508
2009-09-02,-0.9857439829810419
2009-09-01,0.6070471859499779
2009-08-31,1.2967373253972199
2009-08-28,0.6671392096037687
2009-08-27,0.2818733703515943
2009-08-26,0.4162585886463575
2009-08-25,0.7200869239515402
2009-08-24,-0.56007314199524
2009-08-21,-0.7445630820693044
2009-08-20,-1.038177893984763
2009-08-19,-3.5707286518897137
2009-08-18,0.29506643686762113
2009-08-17,-0.08758689934248416
2009-08-14,3.396348113261674
2009-08-13,0.4956521227088543
2009-08-12,-0.8003815624868232
2009-08-11,-1.0118211351557977
2009-08-10,0.5881845137850963
2009-08-07,0.10731054072607261
2009-08-06,-1.4745096954404802
2009-08-05,0.17319074775854892
2009-08-04,0.5741000632731994
2009-08-03,-0.33499876938516776
2009-07-31,-2.0256074050383206
2009-07-30,0.5845830022993549
2009-07-29,-2.1093260678520687
2009-07-28,0.8275280334480994
2009-07-27,1.1253842419024307
2009-07-24,0.431657103502374
2009-07-23,-2.0997484543728215
2009-07-22,-2.206525700155063
2009-07-21,0.04910412817744161
2009-07-20,0.5304935206825919
2009-07-17,0.018599575612273288
2009-07-16,2.870427074002944
2009-07-15,-1.0009095966634298
2009-07-14,-3.0764301104586993
2009-07-13,-0.0918333265545708
2009-07-10,-2.3332489802143925
2009-07-09,-0.9676643359897461
2009-07-08,-1.9250016758104525
2009-07-07,-1.4559333512859194
2009-07-06,3.272568501715557
2009-07-02,-0.27343008273429836
2009-07-01,2.570441250352676
2009-06-30,0.6205424888475152
2009-06-29,0.6048499772640363
2009-06-26,0.27821116058767603
2009-06-25,-2.245369155584614
2009-06-24,-1.5585560502971147
2009-06-23,-0.8820098936756822
2009-06-22,0.41165288505153913
2009-06-19,3.1275284974391973
2009-06-18,-1.4354052164285613
2009-06-17,0.2656602950350881
2009-06-16,0.2023368734184947
2009-06-15,0.1850951648559903
2009-06-12,1.9363173824082438
2009-06-11,0.9791932831233492
2009-06-10,0.839159022753711
2009-06-09,0.6981053744750859
2009-06-08,0.723109011245683
2009-06-05,1.264897979507457
2009-06-04,-0.9092521249653644
2009-06-03,-1.9601172900409785
2009-06-02,-0.7529227700138893
2009-06-01,-0.4295053571351466
2009-05-29,-2.1872670703747774
2009-05-28,-1.6369890421218973
2009-05-27,-1.1793379415840886
2009-05-26,-0.29588883759390544
2009-05-22,-2.6857213546468914
2009-05-21,0.7623897918710107
2009-05-20,0.17150016117965916
2009-05-19,0.4280133298955571
2009-05-18,-0.5114316375774173
2009-05-15,-1.7236154589694228
2009-05-14,-0.6410249335482275
2009-05-13,0.5264512182536739
2009-05-12,2.431071102038666
2009-05-11,2.248068939529135
2009-05-08,-0.15932404259674163
2009-05-07,-2.6317710174792
2009-05-06,1.7296581648857212
2009-05-05,-0.11896862072501982
2009-05-04,-0.2506258841139194
2009-05-01,-2.062296984587211
2009-04-30,0.5791434726175341
2009-04-29,-1.1364546948071617
2009-04-28,-1.9822706879923893
2009-04-27,0.5837720989004319
2009-04-24,0.9172210114625247
2009-04-23,-1.2323805260802165
2009-04-22,-0.21575911468130823
2009-04-21,-0.6226221792637451
2009-04-20,-0.5688515694617333
2009-04-17,3.4115430105598357
2009-04-16,-0.8923053675492301
2009-04-15,-2.3769122474626307
2009-04-14,-2.790511513337101
2009-04-13,2.4938257936131194
2009-04-09,-1.4836949601159943
2009-04-08,-2.818790313763009
2009-04-07,-0.9254157434923018
2009-04-06,2.673919515604449
2009-04-03,0.418202752594146
2009-04-02,-1.9687361302937287
2009-04-01,-2.3200014535876003
2009-03-31,-1.7029556846128155
2009-03-30,-1.5428367220679327
2009-03-27,1.461965754297242
2009-03-26,1.6077068424855334
2009-03-25,-2.609755965014954
2009-03-24,0.9009752633182391
2009-03-23,0.411908346901119
2009-03-20,-5.289734267178748
2009-03-19,-0.0666335733279585
2009-03-18,0.9577479146247974
2009-03-17,0.6724773411965372
2009-03-16,-4.666912115314613
2009-03-13,1.4795600018541366
2009-03-12,-0.27433006270614774
2009-03-11,-1.7370928789313071
2009-03-10,-3.0637550747112505
2009-03-09,-5.607298755500981
2009-03-06,6.077900316936109
2009-03-05,-0.949544042153103
2009-03-04,4.344980461504776
2009-03-03,2.0569485805007734
2009-03-02,0.5161544073198082
2009-02-27,3.3103139009666145
2009-02-26,-0.23965258528475744
2009-02-25,1.3227308070609078
2009-02-24,1.1152100812213193
2009-02-23,-4.455055229113338
2009-02-20,4.965763500330809
2009-02-19,-1.09972681661174
2009-02-18,3.0556868445526826
2009-02-17,-2.959418111902589
2009-02-13,4.383349320404386
2009-02-12,1.5013412811836742
2009-02-11,-1.3799698345625606
2009-02-10,0.1312665330779635
2009-02-09,5.651170980921522
2009-02-06,-1.977454772001548
2009-02-05,-4.7295895448244005
2009-02-04,-3.030643820941118
2009-02-03,-0.7434370611548968
2009-02-02,0.03524325410521513
2009-01-30,-0.598994779842445
2009-01-29,1.414944941012893
2009-01-28,1.5583115980471869
2009-01-27,-4.93016814732705
2009-01-26,-2.29576194556581
2009-01-23,0.25627682991170514
2009-01-22,-5.605177948671671
2009-01-21,-1.1158228031901136
2009-01-20,-6.707792544715893
2009-01-16,5.984083267646842
2009-01-15,-0.22691632109507323
2009-01-14,0.6622256836568123
2009-01-13,4.435656037628144
2009-01-12,-0.5185758530200332
2009-01-09,0.7611409197109194
2009-01-08,3.2119764160785906
2009-01-07,-0.9778890771102708
2009-01-06,3.742120950202393
2009-01-05,-1.7990755553254176
2009-01-02,-2.051515225173116
2008-12-31,-4.254327353310554
2008-12-30,-1.4757008473257596
2008-12-29,-1.8772097356038446
2008-12-26,0.9884991078319255
2008-12-24,0.862296925333495
2008-12-23,-1.6273315240182435
2008-12-22,-0.3053431176212362
2008-12-19,4.395677857158748
2008-12-18,0.03546432636664207
2008-12-17,1.5985524457642044
2008-12-16,3.1848829922383826
2008-12-15,-4.491516773786118
2008-12-12,1.6383912394946958
2008-12-11,-4.921457424853784
2008-12-10,2.8645608395326025
2008-12-09,-0.9228671638795101
2008-12-08,-1.2615595152664851
2008-12-05,-5.997816378431435
2008-12-04,-3.3980027561837414
2008-12-03,1.8553583417975115
2008-12-02,-1.5460023395769282
2008-12-01,-3.3150358760969763
2008-11-28,10.139481255222835
2008-11-26,-0.29697214980718034
2008-11-25,-3.4372948864276194
2008-11-24,-8.72540133304505
2008-11-21,1.9383064696369574
2008-11-20,-1.0936250897667783
2008-11-19,7.94421361844103
2008-11-18,6.153190041735167
2008-11-17,0.907804684938578
2008-11-14,3.298683022149328
2008-11-13,0.6644727534186305
2008-11-12,-6.754678007157104
2008-11-11,7.030930840422404
2008-11-10,2.3502209019275315
2008-11-07,3.877281618526595
2008-11-06,0.024161923154864078
2008-11-05,3.327094899813904
2008-11-04,7.217155172369419
2008-11-03,-5.5731242349977155
2008-10-31,3.7143985755125697
2008-10-30,0.09182966918088599
2008-10-29,-0.46984831184615067
2008-10-28,3.002788440040334
2008-10-27,-10.646774393901302
2008-10-24,2.974291512795614
2008-10-23,3.8403756448626565
2008-10-22,0.9508324107843126
2008-10-21,1.9906168854285164
2008-10-20,4.567882675930486
2008-10-17,-1.7874136518270614
2008-10-16,-5.2397078181224295
2008-10-15,-3.9232896265512927
2008-10-14,6.9404791117885205
2008-10-13,5.048104491644287
2008-10-10,-12.86546592196861
2008-10-09,-0.909640323400364
2008-10-08,2.7752482185558613
2008-10-07,2.3365220230310646
2008-10-06,7.283026116082089
2008-10-03,4.229407301227988
2008-10-02,0.9252772768632447
2008-10-01,5.436760259321454
2008-09-30,-2.72029482585017
2008-09-29,-4.873665577195035
2008-09-26,13.133861360556583
2008-09-25,1.985897089721968
2008-09-24,-1.0213834678560987
2008-09-23,-1.3421925648275577
2008-09-22,0.20267143306672875
2008-09-19,4.41948769348316
2008-09-18,-2.2420089033066883
2008-09-17,-5.600345068553997
2008-09-16,6.8614447467432935
2008-09-15,-2.0477278989277354
2008-09-12,0.8758557138134858
2008-09-11,-0.893384684397725
2008-09-10,-4.516426151843095
2008-09-09,1.0865336262253829
2008-09-08,0.30812700290213957
2008-09-05,5.7864036007124895
2008-09-04,1.3528399825005053
2008-09-03,3.1426304203109128
2008-09-02,0.1808724410490372
2008-08-29,-0.42127602266923736
2008-08-28,2.2642356531370744
2008-08-27,-1.0975537277045788
2008-08-26,1.1908342086674453
2008-08-25,1.8664589773994453
2008-08-22,1.5693263741119245
2008-08-21,-0.8275796320345151
2008-08-20,-0.3144664996277412
2008-08-19,1.134020395143346
2008-08-18,1.5902080730278694
2008-08-15,2.378087143687086
2008-08-14,-0.9134531828475034
2008-08-13,-1.0801450271010669
2008-08-12,0.5159708586996399
2008-08-11,-0.3521631533095668
2008-08-08,-1.164044072018427
2008-08-07,-3.2100351987977436
2008-08-06,1.5069323999852926
2008-08-05,-1.3344561978645353
2008-08-04,-3.5115139706709173
2008-08-01,1.0496705494228573
2008-07-31,1.2589253560659017
2008-07-30,1.8891853923883237
2008-07-29,0.08493450508015235
2008-07-28,-1.2398811547254158
2008-07-25,3.1145195404632364
2008-07-24,-3.32534081023184
2008-07-23,2.8594280150590325
2008-07-22,-2.4753712516499653
2008-07-21,-1.7417353858620686
2008-07-18,2.6706527865213214
2008-07-17,10.828550914352187
2008-07-16,0.40491566872737533
2008-07-15,-3.6426418782900094
2008-07-14,1.0715164247454025
2008-07-11,2.335034220663605
2008-07-10,1.2682712430904337
2008-07-09,0.18128591935599425
2008-07-08,2.3968222689303387
2008-07-07,-1.9151320077653127
2008-07-03,-1.2704343122312969
2008-07-02,-1.8547454957303096
2008-07-01,1.4590982079676609
2008-06-30,-1.5540596231631896
2008-06-27,0.3134420285642979
2008-06-26,0.1420254739614823
2008-06-25,4.19424245012569
2008-06-24,-1.5789528471869425
2008-06-23,0.5366100356225529
2008-06-20,0.2237575598813074
2008-06-19,2.5200024630827786
2008-06-18,0.38913887379777135
2008-06-17,1.258940065977098
2008-06-16,0.5882718502081605
2008-06-13,-0.22694444803364688
2008-06-12,-3.247542341809494
2008-06-11,-1.4015750447303053
2008-06-10,1.6452714779623283
2008-06-09,0.6676712980342179
2008-06-06,1.6365785478164177
2008-06-05,3.4038757113381566
2008-06-04,-2.401498232393731
2008-06-03,-0.8598061272297397
2008-06-02,1.357298926510298
2008-05-30,1.8782669886963383
2008-05-29,-0.4779799178354276
2008-05-28,-2.5317347959771426
2008-05-27,-1.2917024815745506
2008-05-23,-2.902483735955736
2008-05-22,0.8886994613992387
2008-05-21,0.09645734615256904
2008-05-20,5.201914482181846
2008-05-19,-0.18666143107336597
2008-05-16,0.4415412536396029
2008-05-15,0.1603233184967365
2008-05-14,-0.8089475700479891
2008-05-13,1.1625902952390792
2008-05-12,0.3327586115186202
2008-05-09,-2.0070445542336386
2008-05-08,1.711446218057932
2008-05-07,-0.6878048676465908
2008-05-06,1.2711578225186544
2008-05-05,1.4564340063433272
2008-05-02,-2.2877736976621375
2008-05-01,2.0282471590842723
2008-04-30,-3.1682091696586534
2008-04-29,-2.75470605681067
2008-04-28,-1.137036354440288
2008-04-25,-1.4598283757452664
2008-04-24,-0.18747624547035244
2008-04-23,0.6353153916800581
2008-04-22,1.5572085043101025
2008-04-21,-3.1009043931134617
2008-04-18,0.3012331337394636
2008-04-17,-16.660794833528133
2008-04-16,1.221251776947896
2008-04-15,-1.799883016315355
2008-04-14,1.0786860954361992
2008-04-11,1.2819360362671768
2008-04-10,2.5423562546415526
2008-04-09,-1.0424649813635187
2008-04-08,0.7798518143023028
2008-04-07,1.9259942224333038
2008-04-04,-1.2017080933191715
2008-04-03,-3.390011762266155
2008-04-02,2.324662786175165
2008-04-01,0.002144290042138149
2008-03-31,-5.419682620669302
2008-03-28,-0.5426016693916473
2008-03-27,1.36961419019287
2008-03-26,3.1773558390363936
2008-03-25,-1.6172321329332346
2008-03-24,2.1695708311047674
2008-03-20,-5.864595497971484
2008-03-19,-0.3575153392505492
2008-03-18,1.6574089079178775
2008-03-17,-4.392480903011109
2008-03-14,4.298951423824784
2008-03-13,1.1623109663704816
2008-03-12,-0.6388109453434992
2008-03-11,-0.07723728109871333
2008-03-10,-5.961261394895168
2008-03-07,4.770075544272197
2008-03-06,-0.1499896705566865
2008-03-05,3.46660112715135
2008-03-04,-0.6924247596280475
2008-03-03,2.793523662745897
2008-02-29,3.0983312030379597
2008-02-28,0.8935006880307012
2008-02-27,-0.53219148906154
2008-02-26,-1.833525823932209
2008-02-25,4.793293134314604
2008-02-22,4.3910875740741515
2008-02-21,-0.972821307715508
2008-02-20,1.2210144358337107
2008-02-19,-0.009821189338318296
2008-02-15,4.06522471965292
2008-02-14,0.4927926627465367
2008-02-13,0.4452786374660781
2008-02-12,-3.091913724964911
2008-02-11,0.5925606761272808
2008-02-08,-0.8577020115282648
2008-02-07,-2.2721569936629193
2008-02-06,-0.641648324117351
2008-02-05,1.0145283556073863
2008-02-04,-2.243483310413276
2008-02-01,4.131763091565252
2008-01-31,9.381658438094854
2008-01-30,-2.8406902268449734
2008-01-29,0.41038905221591493
2008-01-28,0.9917832319677435
2008-01-25,1.87417068986445
2008-01-24,1.42832384004384
2008-01-23,-4.5031320238586945
2008-01-22,6.512712799269519
2008-01-18,2.720974155367565
2008-01-17,0.08995926543362566
2008-01-16,2.5233450410760083
2008-01-15,3.523011390721545
2008-01-14,2.535874238334337
2008-01-11,-2.381386565199508
2008-01-10,1.3286280712147465
2008-01-09,1.0004209724622377
2008-01-08,-3.2945494728265254
2008-01-07,2.781472563071651
2008-01-04,1.193676804229072
2008-01-03,4.312029907111987
2008-01-02,-0.02042630657647192
2007-12-31,0.9179886958766802
2007-12-28,1.5980205167304073
2007-12-27,-0.25478615206163935
2007-12-26,1.4413294778877987
2007-12-24,-1.4222636032517924
2007-12-21,-0.5765400566059445
2007-12-20,-1.0047534926074548
2007-12-19,-1.7863087789815353
2007-12-18,-0.5934651894957887
2007-12-17,-0.61186584312198
2007-12-14,3.097589300738244
2007-12-13,0.5927851947455944
2007-12-12,0.7636342584660165
2007-12-11,-0.021453582082216854
2007-12-10,2.748859634999369
2007-12-07,-0.49413969024229676
2007-12-06,0.05455606550375887
2007-12-05,-2.3418038710439073
2007-12-04,-2.0543778432367965
2007-12-03,-0.384412844661095
2007-11-30,1.6829805170125
2007-11-29,0.5771981397829349
2007-11-28,-0.680055841860702
2007-11-27,-2.699848513876874
2007-11-26,-1.1238649554945168
2007-11-23,1.60660522745704
2007-11-21,-2.3910134607775917
2007-11-20,-1.8137284744834274
2007-11-19,-3.498620803535161
2007-11-16,1.2431043599849998
2007-11-15,-0.6281286074556737
2007-11-14,1.9105899873771452
2007-11-13,2.940712601261958
2007-11-12,-4.311550674204161
2007-11-09,5.046910039867819
2007-11-08,4.498691753780823
2007-11-07,5.63530327885109
2007-11-06,1.2074663979492324
2007-11-05,-2.1758155960196386
2007-11-02,-1.9844311847183858
2007-11-01,-1.1304003380479377
2007-10-31,0.538952752961198
2007-10-30,-1.729843738612673
2007-10-29,-2.2367062808250284
2007-10-26,-0.6816573682722301
2007-10-25,-0.9027577111122691
2007-10-24,1.093478371908373
2007-10-23,-0.007397214627427051
2007-10-22,-3.702443680031105
2007-10-19,-0.9281615898516138
2007-10-18,-0.7895007376219805
2007-10-17,-0.9599442282987687
2007-10-16,-2.7593622957794404
2007-10-15,0.6672102022316462
2007-10-12,2.7865992498784347
2007-10-11,-2.4145327455939523
2007-10-10,0.5450126584116854
2007-10-09,-1.6325816706110658
2007-10-08,-0.9038016610063152
2007-10-05,-2.5540474889680946
2007-10-04,-2.5284092936883775
2007-10-03,0.8617875845713201
2007-10-02,0.06335965155702852
2007-10-01,-0.3148583898284671
2007-09-28,-2.6229542619148014
2007-09-27,0.040542486261999675
2007-09-26,0.1162988940667167
2007-09-25,0.14784387136648947
2007-09-24,-0.17222800875882482
2007-09-21,-1.3943203812815004
2007-09-20,-1.2979726036140251
2007-09-19,-1.081712910528685
2007-09-18,-2.117580076156414
2007-09-17,-1.8626171463628796
2007-09-14,0.6567707587538963
2007-09-13,-0.7508322058416642
2007-09-12,-0.4058771874645337
2007-09-11,-0.2525576180846202
2007-09-10,-1.3139553169187759
2007-09-07,0.9465975559110267
2007-09-06,0.8029248985190987
2007-09-05,0.8175348032647313
2007-09-04,-0.5020786096314565
2007-08-31,-1.8851770063825224
2007-08-30,-0.7472115626400905
2007-08-29,0.2894043852236253
2007-08-28,-1.2634550714665689
2007-08-27,1.3546598417454032
2007-08-24,0.3390069922946903
2007-08-23,-0.5456296065432339
2007-08-22,0.10933686831914229
2007-08-21,-1.1974633495143463
2007-08-20,-1.7153258535171485
2007-08-17,0.4257728706166682
2007-08-16,-1.7038650576492824
2007-08-15,1.226805761548365
2007-08-14,2.220886788848809
2007-08-13,1.3566659636585887
2007-08-10,0.04848831632903435
2007-08-09,-0.19776699291273722
2007-08-08,2.1467546467543546
2007-08-07,-1.8562813000453957
2007-08-06,-1.1666290847782061
2007-08-03,-1.3725465065286653
2007-08-02,1.5924481696422004
2007-08-01,0.3776831590667308
2007-07-31,-0.5731715168734158
2007-07-30,1.1980462004685217
2007-07-27,-0.8176575507730854
2007-07-26,-0.7599318977795186
2007-07-25,0.34645496808576126
2007-07-24,0.8317609475275297
2007-07-23,-0.2898774350365458
2007-07-20,1.4848473887286597
2007-07-19,5.473741306127114
2007-07-18,0.16588263073821974
2007-07-17,1.0009042320310721
2007-07-16,-0.36216370479631127
2007-07-13,-0.15009381134731944
2007-07-12,-1.2369620496117733
2007-07-11,-0.1576956458689262
2007-07-10,-0.20754365095690466
2007-07-09,-0.14355907810265012
2007-07-06,-0.5824228638521615
2007-07-05,0.4134238005675153
2007-07-03,-1.3459332322856576
2007-07-02,-0.7411084918171995
2007-06-29,-1.4480156426756041
2007-06-28,0.44193949704400487
2007-06-27,0.24380230297357486
2007-06-26,0.7543417551253463
2007-06-25,-0.5355886074206881
2007-06-22,-0.46263306670084525
2007-06-21,-2.070554793566649
2007-06-20,-0.8052752864635379
2007-06-19,0.8510359956368932
2007-06-18,0.17304379087284555
2007-06-15,-1.8070661097142278
2007-06-14,-0.6028966174149356
2007-06-13,0.477285702314853
2007-06-12,-0.09302246811246537
2007-06-11,1.3015841068801568
2007-06-08,0.8115845805941732
2007-06-07,-0.08340623674804823
2007-06-06,0.6193362294455778
2007-06-05,0.11385093364164084
2007-06-04,-2.268521309930529
2007-06-01,-1.3154037534511356
2007-05-31,-0.497598176189099
2007-05-30,0.13857606785663173
2007-05-29,-2.3044502549279327
2007-05-25,-0.737000725011179
2007-05-24,-1.9006430039329156
2007-05-23,-0.07590011845092623
2007-05-22,0.3987579148020901
2007-05-21,-1.105367098155289
2007-05-18,-0.05949324760488315
2007-05-17,0.1360763398490995
2007-05-16,0.35034599351293116
2007-05-15,-3.091345189290873
2007-05-14,0.8253305340117062
2007-05-11,1.0741024946451614
2007-05-10,-1.1291052318278052
2007-05-09,1.6859164747889648
2007-05-08,-0.5199828158942036
2007-05-07,0.09854089738013563
2007-05-04,0.823936841121727
2007-05-03,0.44786727085613637
2007-05-02,-1.574287762195272
2007-05-01,0.6913142174275869
2007-04-30,0.5074651614919082
2007-04-27,1.6186501918944602
2007-04-26,0.4530172931864239
2007-04-25,-0.6629497020427086
2007-04-24,-0.09623647816247902
2007-04-23,0.32458227518567867
2007-04-20,0.7096987734749451
2007-04-19,-2.244657259985704
2007-04-18,0.924414345425216
2007-04-17,-0.6743520804488362
2007-04-16,0.31091285643175726
2007-04-13,-1.682584664631281
2007-04-12,0.23590361997415316
2007-04-11,-0.6119121574509679
2007-04-10,0.42408557297143434
2007-04-09,0.3665589252035943
2007-04-05,0.7048147481827993
2007-04-04,-0.10391903807222905
2007-04-03,0.33544131072141725
2007-04-02,-2.97714674794643
2007-03-30,-0.08069329986393825
2007-03-29,0.6024097359499178
2007-03-28,0.20827374532071163
2007-03-27,0.3767249818039769
2007-03-26,0.297658048790221
2007-03-23,-0.6817228746496949
2007-03-22,0.04547418875518525
2007-03-21,-1.1882120638437312
2007-03-20,-2.4685115710250627
2007-03-19,0.43792685344492543
2007-03-16,-1.4265582857011514
2007-03-15,1.2112916854811275
2007-03-14,0.4056597309105559
2007-03-13,-1.1093764545756317
2007-03-12,2.64542003140681
2007-03-09,-0.39362488393648043
2007-03-08,0.38855998071089165
2007-03-07,0.20232219444812163
2007-03-06,0.4191894415923195
2007-03-05,-3.628021594942322
2007-03-02,-0.514793483642031
2007-03-01,2.176979540917199
2007-02-28,0.2721840895378408
2007-02-27,-0.15129561940873834
2007-02-26,3.6009569041339313
2007-02-23,1.2238359351343466
2007-02-22,1.1113020948128165
2007-02-21,0.002098551822118454
2007-02-20,-0.7901445559274625
2007-02-16,-0.45753317734666826
2007-02-15,-1.8023541655023183
2007-02-14,0.9664731848753136
2007-02-13,-1.4658810482480513
2007-02-12,-0.17643210199617015
2007-02-09,0.7855266586460743
2007-02-08,1.9788255089078974
2007-02-07,-0.2165495288501326
2007-02-06,0.3127652775437119
2007-02-05,-0.9162692308572584
2007-02-02,3.069615862464221
2007-02-01,0.051918443641980255
2007-01-31,4.099641043153468
2007-01-30,-1.4317069468963546
2007-01-29,-0.3742549334440589
2007-01-26,0.6843070563529026
2007-01-25,-1.5629999730006654
2007-01-24,2.249584276764291
2007-01-23,-4.011463180102022
2007-01-22,0.37365810491519597
2007-01-19,1.8530034175959271
2007-01-18,-0.3920332430769098
2007-01-17,1.9371486356660164
2007-01-16,1.4076550401465242
2007-01-12,0.14277862853766576
2007-01-11,-1.0455449032554098
2007-01-10,-2.053148234407625
2007-01-09,-0.809056773012781
2007-01-08,-0.3954646377029639
2007-01-05,0.7465106336452767
2007-01-04,-0.8066646389322875
2007-01-03,-3.242560039691621
2006-12-29,-1.520559615049099
2006-12-28,0.45169611293041273
2006-12-27,1.182551744142618
2006-12-26,-2.243444563721007
2006-12-22,-0.4262017132755108
2006-12-21,0.13608813063226563
2006-12-20,1.4686558403061496
2006-12-19,1.2378449853324862
2006-12-18,-1.2440514634331368
2006-12-15,3.781333848073147
2006-12-14,0.37892922411094854
2006-12-13,-0.6492166966215986
2006-12-12,0.5824799045605314
2006-12-11,0.4462609708706558
2006-12-08,0.037194119355187606
2006-12-07,-0.3036495841799235
2006-12-06,1.2576660603641836
2006-12-05,-0.34990062525165744
2006-12-04,-0.44147764725842836
2006-12-01,-0.8353109096481283
2006-11-30,0.8340268494219628
2006-11-29,-0.0330008778582024
2006-11-28,1.0007198388815979
2006-11-27,-0.9703793873452813
2006-11-24,4.177410474099212
2006-11-22,0.5960435449086582
2006-11-21,0.322823071641421
2006-11-20,-2.864709271378157
2006-11-17,0.7554812446343867
2006-11-16,-0.5794029823860495
2006-11-15,-0.8005636659876312
2006-11-14,-0.5346286737565525
2006-11-13,-1.6901732006049501
2006-11-10,-1.5549944635968416
2006-11-09,-0.19427716291547195
2006-11-08,0.5014483987471139
2006-11-07,-0.5115796704740548
2006-11-06,0.9268472806483262
2006-11-03,-1.0797773541373785
2006-11-02,-0.400591962977505
2006-11-01,-0.5128640473798236
2006-10-31,1.9016059506720238
2006-10-30,0.03778280417578274
2006-10-27,-0.2874738827185565
2006-10-26,2.0833344567882164
2006-10-25,0.3092182974679311
2006-10-24,-2.7311992563467578
2006-10-23,1.5782476116364048
2006-10-20,-4.390779284718082
2006-10-19,-7.311767980420527
2006-10-18,-1.584283800050477
2006-10-17,0.317182596034165
2006-10-16,0.26388622917405097
2006-10-13,1.3159433225584283
2006-10-12,0.032768463248656336
2006-10-11,-0.21991470962732731
2006-10-10,0.035171300564218896
2006-10-09,0.5508007871100443
2006-10-06,-1.981352657419186
2006-10-05,-2.0665903575085056
2006-10-04,0.9446141635819194
2006-10-03,-2.804906495274829
2006-10-02,-0.6435033460827253
2006-09-29,0.11458717532673753
2006-09-28,0.418017287925547
2006-09-27,-0.16353540743045175
2006-09-26,0.9803413054270307
2006-09-25,-0.7103016104487011
2006-09-22,-0.049506276262760926
2006-09-21,0.7603144446526087
2006-09-20,-2.421036083443006
2006-09-19,1.715359516337827
2006-09-18,2.694340099111141
2006-09-15,-1.1599061727961089
2006-09-14,-1.4394442596505626
2006-09-13,0.6411196083884886
2006-09-12,-3.6082314269278686
2006-09-11,-1.992859589944523
2006-09-08,-1.624613305143758
2006-09-07,0.16937785880240527
2006-09-06,0.43594057771297196
2006-09-05,1.1101206399117098
2006-09-01,-1.4985961699987738
2006-08-31,-0.018487533811853477
2006-08-30,0.5864766074749965
2006-08-29,-0.4727498639194455
2006-08-28,0.5277716145599368
2006-08-25,-2.0186379339122063
2006-08-24,0.125922077761598
2006-08-23,-0.08027431182167244
2006-08-22,1.30145054870966
2006-08-21,-0.26170273706513525
2006-08-18,1.6061445299579438
2006-08-17,0.6364746929193017
2006-08-16,0.4976700012848977
2006-08-15,-1.7409464865830178
2006-08-14,-3.02911323507384
2006-08-11,-0.2517352389666368
2006-08-10,1.5468104470710453
2006-08-09,0.732228373537693
2006-08-08,1.0770921113877925
2006-08-07,-0.8005233103580749
2006-08-04,-1.0847987649119022
2006-08-03,0.41192773120622467
2006-08-02,-2.1737361349041264
2006-08-01,2.254718705282449
2006-07-31,2.953315691672956
2006-07-28,0.3931686139656417
2006-07-27,-1.473770641154026
2006-07-26,0.8106735527531738
2006-07-25,1.0012958344445428
2006-07-24,0.3955182343599808
2006-07-21,-0.2020971777343402
2006-07-20,-0.7664468758958862
2006-07-19,3.0688146998424712
2006-07-18,1.015038837428273
2006-07-17,1.2008442489579223
2006-07-14,-1.0762754580108778
2006-07-13,1.3209401788829374
2006-07-12,2.059541484449825
2006-07-11,1.7519424740059248
2006-07-10,-1.4980193337814858
2006-07-07,0.538021976742583
2006-07-06,0.651682844381062
2006-07-05,-0.4088006043485302
2006-07-03,0.41284801636086704
2006-06-30,-0.9144568852648463
2006-06-29,-0.36248774264711614
2006-06-28,-2.8003165244744967
2006-06-27,-0.9332451332825764
2006-06-26,0.47226310113017966
2006-06-23,0.15832820299629694
2006-06-22,-1.2127641104700018
2006-06-21,0.5450716657965661
2006-06-20,-3.7201917501742523
2006-06-19,0.25053370760676896
2006-06-16,0.659557145910858
2006-06-15,0.07678761115532695
2006-06-14,-1.6905396304326783
2006-06-13,0.5541232163557662
2006-06-12,-1.2884178291026698
2006-06-09,1.3183452279428156
2006-06-08,1.7409513171233286
2006-06-07,-1.7264183643950068
2006-06-06,0.900365971037562
2006-06-05,-3.9872841419601963
2006-06-02,1.3353259340658077
2006-06-01,0.8380759575995468
2006-05-31,-2.822644656891719
2006-05-30,0.03227790172833306
2006-05-26,2.529974292370597
2006-05-25,0.43005207810845697
2006-05-24,-0.4543166397950382
2006-05-23,-1.487214830034172
2006-05-22,-1.232757719252465
2006-05-19,-0.2507123534848258
2006-05-18,0.2621543207403983
2006-05-17,0.9461156214357956
2006-05-16,-0.8544724297601611
2006-05-15,1.3196823518987162
2006-05-12,-0.5502350949103161
2006-05-11,3.439977788770658
2006-05-10,4.1291971276656545
2006-05-09,1.4442429928503344
2006-05-08,-3.4295508985421552
2006-05-05,-0.12158739272990778
2006-05-04,0.11412954679933711
2006-05-03,-0.14693259997016858
2006-05-02,0.15983162607467674
2006-05-01,1.0384997280950927
2006-04-28,4.773126783494029
2006-04-27,0.5000761778050081
2006-04-26,1.4141841550138778
2006-04-25,0.27936022099988755
2006-04-24,3.122953408915157
2006-04-21,-0.7718494219379249
2006-04-20,-5.056053864084801
2006-04-19,-1.0843348867877907
2006-04-18,-1.52497170966776
2006-04-17,0.6382364434897575
2006-04-13,-1.1454720199652744
2006-04-12,1.6883836284609772
2006-04-11,0.17361243611374885
2006-04-10,1.640387133932196
2006-04-07,-2.454485866891361
2006-04-06,1.2359656858311596
2006-04-05,-0.7758191734893821
2006-04-04,-0.8946253843087337
2006-04-03,-3.620722106478585
2006-03-31,0.07698465627038203
2006-03-30,-0.39999840456272673
2006-03-29,1.6836541568373244
2006-03-28,-4.501490777373591
2006-03-27,-1.9909882343320227
2006-03-24,-1.0522284896284833
2006-03-23,-6.536357162438879
2006-03-22,-0.48846863729547313
2006-03-21,-0.08817211658496432
2006-03-20,2.4329216617094103
2006-03-17,-2.4124728636001618
2006-03-16,-0.3001892997030487
2006-03-15,1.691417349529313
2006-03-14,1.9332370833073702
2006-03-13,-4.015268056761594
2006-03-10,0.13054020379013
2006-03-09,1.6296293835680393
2006-03-08,3.1720159490606186
2006-03-07,2.9868851237786997
2006-03-06,1.001512453621736
2006-03-03,2.7383864160452047
2006-03-02,-0.45745445608806984
2006-03-01,-3.094703183607892
2006-02-28,-0.5975839040441333
2006-02-27,7.655389588562605
2006-02-24,-3.3249626543626016
2006-02-23,0.17753370371048627
2006-02-22,-3.3274254834812047
2006-02-21,0.30096445136396655
2006-02-17,0.5892092196191585
2006-02-16,-0.6210125656437806
2006-02-15,-6.570976994084647
2006-02-14,0.27454975309333707
2006-02-13,0.6932248272830486
2006-02-10,4.891527571043778
2006-02-09,-1.058987235746567
2006-02-08,2.8737034697975554
2006-02-07,-0.31429578719059625
2006-02-06,4.669493382321527
2006-02-03,-0.9218386147930043
2006-02-02,3.797673512519248
2006-02-01,1.4493491365424511
2006-01-31,7.685796069413842
2006-01-30,-1.3497934041908586
2006-01-27,1.56272436684687
2006-01-26,0.17993076081882636
2006-01-25,-0.2924453894304201
2006-01-24,2.3163993392393984
2006-01-23,-3.5054077790231752
2006-01-20,-6.559059839529414
2006-01-19,9.2599997649486
2006-01-18,1.9383661381573043
2006-01-17,4.989772250403566
2006-01-13,-0.18410902453950811
2006-01-12,-0.561933485967404
2006-01-11,1.7255135483154542
2006-01-10,-0.39649533816815635
2006-01-09,-0.6088177448221105
2006-01-06,-0.265584195292025
2006-01-05,-3.0966797222929925
2006-01-04,-1.3296706137138017
2006-01-03,-2.2482267746106315
2005-12-30,-4.680279630207409
2005-12-29,1.275125457876598
2005-12-28,1.556583665916985
2005-12-27,-0.4804383735005864
2005-12-23,1.481254452060299
2005-12-22,0.257584525388418
2005-12-21,-1.321639753404482
2005-12-20,0.7998528798067793
2005-12-19,-1.1960752892685553
2005-12-16,1.3071104534520301
2005-12-15,-1.766819384979379
2005-12-14,-0.8496050528297432
2005-12-13,-0.3508678589969903
2005-12-12,-1.1688923414951506
2005-12-09,-0.8264493686478895
2005-12-08,0.35434850837309073
2005-12-07,-1.5658070849220675
2005-12-06,0.07916806369018319
2005-12-05,0.32381875425833934
2005-12-02,2.9197994921326473
2005-12-01,-0.8642586250238572
2005-11-30,-2.2169024627807588
2005-11-29,-0.3383503128587261
2005-11-28,4.94126974834003
2005-11-25,1.2137560404649246
2005-11-23,-1.3438486772759413
2005-11-22,-1.5111414046608969
2005-11-21,-1.7072021422108656
2005-11-18,-2.2351995637079467
2005-11-17,0.8095762798087299
2005-11-16,-1.3136709831389424
2005-11-15,-1.3437130499263052
2005-11-14,1.0616065762324445
2005-11-11,-1.6550384825683802
2005-11-10,0.17930382249460627
2005-11-09,-3.055481934588648
2005-11-08,2.83529284169669
2005-11-07,1.3157209262280207
2005-11-04,-1.1644688762495539
2005-11-03,-1.147457358020217
2005-11-02,-1.6245615059421508
2005-11-01,-0.07901632914321495
2005-10-31,-1.9083738203177627
2005-10-28,-3.753967370931119
2005-10-27,-1.426695243920096
2005-10-26,0.6741096757098867
2005-10-25,-2.3998398628053463
2005-10-24,0.5015673264798907
2005-10-21,-2.5096774125754107
2005-10-20,-10.797294377390719
2005-10-19,1.8139838441652167
2005-10-18,-1.7557464337450337
2005-10-17,0.5671278172169354
2005-10-14,-2.9049147525900167
2005-10-13,0.43897832981761853
2005-10-12,1.1867927753096807
2005-10-11,1.704488207367321
2005-10-10,1.4864455280791629
2005-10-07,0.7532617527895075
2005-10-06,-0.07668019485996394
2005-10-05,-0.6522776664618607
2005-10-04,0.09333243092824467
2005-10-03,2.469448567241244
2005-09-30,-0.6966204471263467
2005-09-29,-2.1614091672122693
2005-09-28,-1.1691732208204584
2005-09-27,2.5947680373015145
2005-09-26,0.10830511891785685
2005-09-23,0.34363975279840686
2005-09-22,-1.2652197857134926
2005-09-21,0.17021374709291567
2005-09-20,-1.279255257795601
2005-09-19,-1.3380529242683208
2005-09-16,-1.1817387655169609
2005-09-15,0.8061243862200026
2005-09-14,0.12557696330198626
2005-09-13,2.864685220901645
2005-09-12,-0.6224379889633946
2005-09-09,-3.438367489187969
2005-09-08,-1.2370871920302893
2005-09-07,-0.17603121008345274
2005-09-06,-2.6316664058284314
2005-09-02,0.46671808640959866
2005-09-01,-0.7627034122501812
2005-08-31,-0.08733181427306154
2005-08-30,0.4440561348912778
2005-08-29,0.41076506165272414
2005-08-26,-1.6883420644071632
2005-08-25,-0.3491062004028165
2005-08-24,-0.007078080766543343
2005-08-23,-1.0581399326299867
2005-08-22,-1.9922722847071361
2005-08-19,2.1860478063704556
2005-08-18,-0.0035664139274650952
2005-08-17,1.8250630168776447
2005-08-16,0.1929135375756892
2005-08-15,-0.5776269942669683
2005-08-12,2.01408390437816
2005-08-11,-1.9570642231732198
2005-08-10,0.5738382529576465
2005-08-09,2.0617495990225336
2005-08-08,-0.10974418442543249
2005-08-05,0.37768067241399567
2005-08-04,1.8402542241783841
2005-08-03,-0.14441971768640288
2005-08-02,0.6357190691593049
2005-08-01,-2.5335082489062315
2005-07-29,-1.3202597829620533
2005-07-28,1.9947187251094087
2005-07-27,1.1686592103491094
2005-07-26,-0.282902272890728
2005-07-25,-0.08105689520467566
2005-07-22,2.213960641050096
2005-07-21,3.816141924190477
2005-07-20,-0.6179571732670739
2005-07-19,-0.6730687097572925
2005-07-18,-3.3430163036547618
2005-07-15,0.5508417896199409
2005-07-14,-0.09960795523879776
2005-07-13,-0.6746587024517368
2005-07-12,-2.3690010926911356
2005-07-11,0.5380696672553973
2005-07-08,0.9817686453911904
2005-07-07,-0.23293256232508855
2005-07-06,-1.3602169629471184
2005-07-05,1.4372916272332432
2005-07-01,-1.5082289804491689
2005-06-30,0.9957047157145323
2005-06-29,-0.4861438358727334
2005-06-28,3.170259781408279
2005-06-27,0.6953656722338467
2005-06-24,-2.2525522542991334
2005-06-23,-2.5365846279539044
2005-06-22,-0.1415135404033454
2005-06-21,-0.5046698868707267
2005-06-20,-0.39605297868208134
2005-06-17,-2.232298061378144
2005-06-16,-1.0203404204034203
2005-06-15,-0.951551652739702
2005-06-14,1.291847992571563
2005-06-13,1.5807458208457335
2005-06-10,-0.08842345867193767
2005-06-09,1.348673895161864
2005-06-08,-2.3575843498477806
2005-06-07,4.850481949382644
2005-06-06,-0.7437281885373672
2005-06-03,-3.670856338134268
2005-06-02,2.7260441352165534
2005-06-01,0.034727928677145824
2005-05-31,-3.725687202195628
2005-05-27,-4.064637676546743
2005-05-26,-2.556387119222968
2005-05-25,0.6211364198986358
2005-05-24,-1.8442487439814175
2005-05-23,-0.21484238160042415
2005-05-20,-5.41789472962368
2005-05-19,-1.0057478788497556
2005-05-18,-0.008362717237085635
2005-05-17,-2.5213286168384594
2005-05-16,-0.8922070944703813
2005-05-13,-0.7833789829865774
2005-05-12,-0.22683327113991797
2005-05-11,1.1236406870678477
2005-05-10,-1.5089249890153775
2005-05-09,-0.7813903259624777
2005-05-06,0.8848803763179605
2005-05-05,-0.4561008566564466
2005-05-04,0.6696642341823311
2005-05-03,-1.010941660138926
2005-05-02,-1.7242147664429341
2005-04-29,-1.0301856932187043
2005-04-28,-0.2499984097777293
2005-04-27,0.1503746160160169
2005-04-26,-0.4686501031345266
2005-04-25,2.1851405584154535
2005-04-22,-3.453677423582207
2005-04-21,-5.370458711688205
2005-04-20,-2.9967717291664084
2005-04-19,-3.3821261300694636
2005-04-18,-2.3145296945711653
2005-04-15,-1.0536464097525895
2005-04-14,3.48648903336548
2005-04-13,0.7730467451613839
2005-04-12,0.5338730239389091
2005-04-11,-0.37636111460384736
2005-04-08,-0.6106736821259603
2005-04-07,0.8903917374011847
2005-04-06,-2.343101604538877
2005-04-05,-0.3435208878106411
2005-04-04,-1.7394045494956112
2005-04-01,-2.8333939853255488
2005-03-31,0.2610534942828437
2005-03-30,-0.033243500612256165
2005-03-29,-0.4876672850093954
2005-03-28,1.0302405495216884
2005-03-24,-1.1961195256135622
2005-03-23,-0.15063055183367915
2005-03-22,-0.21231700363866166
2005-03-21,1.2765956731315695
2005-03-18,-0.4643906085771899
2005-03-17,-0.41657851036003307
2005-03-16,-2.058120387495163
2005-03-15,1.7141252548740666
2005-03-14,-2.02675898619727
2005-03-11,1.6058016552858407
2005-03-10,1.226097942290908
2005-03-09,0.7611947432450445
2005-03-08,2.1229719600476327
2005-03-07,1.949239789390832
2005-03-04,-1.5412266987308543
2005-03-03,0.5970924894159688
2005-03-02,-0.9785567661455812
2005-03-01,0.4752098439503179
2005-02-28,1.0372991462699372
2005-02-25,-1.127715456165662
2005-02-24,1.624785998721119
2005-02-23,2.6788090675386713
2005-02-22,-1.330236168711747
2005-02-18,3.4383613125347487
2005-02-17,-0.025254790352111447
2005-02-16,0.25770116170426016
2005-02-15,-1.6027395135802955
2005-02-14,-1.1473615406786561
2005-02-11,-2.896528689074863
2005-02-10,0.30949863754727697
2005-02-09,1.915100731059989
2005-02-08,3.685141889599263
2005-02-07,-1.3139332362953557
2005-02-04,4.249347280484284
2005-02-03,3.1806667550042746
2005-02-02,-2.3238217895342475
2005-02-01,-6.8265664758529425
2005-01-31,1.9385137918004263
2005-01-28,-2.699111304722265
2005-01-27,-1.1873551736842929
2005-01-26,0.616760371527907
2005-01-25,-6.404564289936424
2005-01-24,2.032523876934677
2005-01-21,4.183266563743453
2005-01-20,2.995541006759493
2005-01-19,1.7429819942034261
2005-01-18,3.345156680686427
2005-01-14,-1.9274102333525815
2005-01-13,-2.3203517218671874
2005-01-12,0.025601737166883888
2005-01-11,-0.9417550271267051
2005-01-10,0.785369358844106
2005-01-07,-0.6203264040470624
2005-01-06,-2.734074633544526
2005-01-05,2.630604451782189
2005-01-04,0.5115980117507862
2005-01-03,4.221084863968714
2004-12-31,-4.893694931577028
2004-12-30,2.494943268437138
2004-12-29,-2.3785432161518556
2004-12-28,-0.07257004310613269
2004-12-27,-0.4409658006733445
2004-12-23,-2.089521721443747
2004-12-22,-0.8515165907236173
2004-12-21,-1.3687617308349023
2004-12-20,0.6911567816444981
2004-12-17,-2.6699820042124087
2004-12-16,-2.0046603119357083
2004-12-15,1.8756711940959105
2004-12-14,-0.6063005052296351
2004-12-13,-4.611338047882872
2004-12-10,0.7040239357285457
2004-12-09,1.0369887200878738
2004-12-08,-1.9892756561906775
2004-12-07,0.8530474981184051
2004-12-06,2.83497096369302
2004-12-03,2.3313931640099335
2004-12-02,-0.5543299677301341
2004-12-01,0.3121507769939672
2004-11-30,1.1224775507104217
2004-11-29,-0.5110459701327236
2004-11-26,-0.9168779221768268
2004-11-24,-2.580964129162269
2004-11-23,-4.142825703532068
2004-11-22,-1.4446056685853363
2004-11-19,2.6044872152509924
2004-11-18,-1.0979946199712527
2004-11-17,2.960480141715634
2004-11-16,0.02319182563295071
2004-11-15,7.14617405096584
2004-11-12,-1.552442318227263
2004-11-11,0.5604391192315381
2004-11-10,-8.283250148894517
2004-11-09,0.5004204240478218
2004-11-08,2.282153766574225
2004-11-05,-1.8545345233836763
2004-11-04,9.064068677643752
2004-11-03,3.7736854646194424
2004-11-02,1.6695347989559712
2004-11-01,0.5952701204229588
2004-10-29,-2.7495798748432976
2004-10-28,1.3953025770970071
2004-10-27,-3.792033137071729
2004-10-26,-2.242300726256361
2004-10-25,3.0803074626329208
2004-10-22,-7.988258214961894
2004-10-21,-13.367744422675297
2004-10-20,-5.951261259873963
2004-10-19,5.302868272917961
2004-10-18,0.8246550378915224
2004-10-15,-3.3856264348162544
2004-10-14,-1.4641539875053062
2004-10-13,-0.7746542167861997
2004-10-12,-2.4840259779877787
2004-10-11,-1.5575037510479195
2004-10-08,1.826118167535124
2004-10-07,0.8131830070799352
2004-10-06,-1.2747506112037228
2004-10-05,0.9410478780787072
2004-10-04,-2.3921364083569734
2004-10-01,-1.8362160123236178
2004-09-30,-2.247699398997856
2004-09-29,1.1419737309941038
2004-09-28,-3.2194053520387564
2004-09-27,-6.779128496802675
2004-09-24,1.3275796726825426
2004-09-23,0.8261731979181844
2004-09-22,-2.0195310158182207
2004-09-21,-0.4561602674145076
2004-09-20,1.2898878786787287
2004-09-17,-1.5666930848800196
2004-09-16,-2.9959966543534255
2004-09-15,-1.7285273401810088
2004-09-14,-0.4553559056539096
2004-09-13,-3.5787937192435906
2004-09-10,-2.0186121236660997
2004-09-09,-2.8671773592255976
2004-09-08,-0.00977418922513529
2004-09-07,-0.7038104159714451
2004-09-03,-1.5455815474806707
2004-09-02,1.4998499653589243
2004-09-01,-1.241255637431887
2004-08-31,2.1147114675621235
2004-08-30,-0.3516665335848314
2004-08-27,4.058428470531105
2004-08-26,1.6580284711258584
2004-08-25,-1.7699887516398074
2004-08-24,-1.0660442597990838
2004-08-23,4.319635650736242
2004-08-20,-0.996344672594579
2004-08-19,-7.358501203027898
